<?xml version="1.0" encoding="windows-1252" ?>
<!DOCTYPE ViewLink SYSTEM "jbo_03_01.dtd">
<!---->
<ViewLink
  xmlns="http://xmlns.oracle.com/bc4j"
  Name="EmpDeptFkLink"
  Version="12.2.1.22.48"
  InheritPersonalization="merge"
  EntityAssociation="demo.model.EmpDeptFkAssoc">
  <ViewLinkDefEnd
    Name="DepartmentsView"
    Cardinality="1"
    Source="true"
    Owner="demo.model.DepartmentsView">
    <DesignTime>
      <Attr Name="_isUpdateable" Value="true"/>
      <Attr Name="_finderName" Value="DepartmentsView"/>
    </DesignTime>
    <AttrArray Name="Attributes">
      <Item Value="demo.model.DepartmentsView.DepartmentId"/>
    </AttrArray>
  </ViewLinkDefEnd>
  <ViewLinkDefEnd
    Name="EmployeesView"
    Cardinality="-1"
    Owner="demo.model.EmployeesView">
    <DesignTime>
      <Attr Name="_isUpdateable" Value="true"/>
      <Attr Name="_finderName" Value="EmployeesView"/>
    </DesignTime>
    <AttrArray Name="Attributes">
      <Item Value="demo.model.EmployeesView.DepartmentId"/>
    </AttrArray>
  </ViewLinkDefEnd>
</ViewLink>
