<?xml version="1.0" encoding="windows-1252" ?>
<!DOCTYPE Association SYSTEM "jbo_03_01.dtd">
<!---->
<Association
  xmlns="http://xmlns.oracle.com/bc4j"
  Name="EmpManagerFkAssoc"
  Version="12.2.1.22.48"
  InheritPersonalization="merge">
  <DesignTime>
    <Attr Name="_isCodegen" Value="true"/>
  </DesignTime>
  <AssociationEnd
    Name="ManagerIdEmployees"
    Cardinality="1"
    Source="true"
    Owner="demo.model.Employees">
    <DesignTime>
      <Attr Name="_isUpdateable" Value="true"/>
      <Attr Name="_aggregation" Value="0"/>
      <Attr Name="_finderName" Value="ManagerIdEmployees"/>
      <Attr Name="_foreignKey" Value="demo.model.Employees.EmpEmpIdPk"/>
    </DesignTime>
    <AttrArray Name="Attributes">
      <Item Value="demo.model.Employees.EmployeeId"/>
    </AttrArray>
  </AssociationEnd>
  <AssociationEnd
    Name="Employees"
    Cardinality="-1"
    Owner="demo.model.Employees">
    <DesignTime>
      <Attr Name="_isUpdateable" Value="true"/>
      <Attr Name="_aggregation" Value="0"/>
      <Attr Name="_finderName" Value="Employees"/>
      <Attr Name="_foreignKey" Value="demo.model.Employees.EmpManagerFk"/>
    </DesignTime>
    <AttrArray Name="Attributes">
      <Item Value="demo.model.Employees.ManagerId"/>
    </AttrArray>
  </AssociationEnd>
</Association>
