<References xmlns="http://xmlns.oracle.com/adf/jndi">
  <Reference name="ConexionUGR" className="oracle.jdeveloper.db.adapter.DatabaseProvider"
             credentialStoreKey="ConexionUGR" xmlns="">
    <Factory className="oracle.jdevimpl.db.adapter.DatabaseProviderFactory1212"/>
    <RefAddresses>
      <StringRefAddr addrType="oraDriverType">
        <Contents>thin</Contents>
      </StringRefAddr>
      <StringRefAddr addrType="hostname">
        <Contents>oracle0.ugr.es</Contents>
      </StringRefAddr>
      <SecureRefAddr addrType="password"/>
      <StringRefAddr addrType="subtype">
        <Contents>oraJDBC</Contents>
      </StringRefAddr>
      <StringRefAddr addrType="port">
        <Contents>1521</Contents>
      </StringRefAddr>
      <StringRefAddr addrType="serviceName">
        <Contents>practbd.oracle0.ugr.es</Contents>
      </StringRefAddr>
      <StringRefAddr addrType="user">
        <Contents>x7770080</Contents>
      </StringRefAddr>
    </RefAddresses>
  </Reference>
</References>